Name|Quantity|Can Dab Hand|Proficiency|Focus|Unlock|Profession|Recipe
Crafted Potion of Accuracy Rank 3|12.0|False|1400|1400|Chultan Masterwork - Alchemy II|Alchemy|[[12.0, 'Chultan Spring Water'], [1.0, 'Chultan Tea Leaves'], [1.0, 'Alkali'], [12.0, 'Sugar Beet']]
Crafted Potion of Critical Strike Rank 3|12.0|False|1400|1400|Chultan Masterwork - Alchemy II|Alchemy|[[12.0, 'Chultan Spring Water'], [1.0, 'Chultan Tea Leaves'], [1.0, 'Alkali'], [12.0, 'Aberrant Blood']]
Crafted Potion of Defense Rank 3|12.0|False|1400|1400|Chultan Masterwork - Alchemy II|Alchemy|[[12.0, 'Chultan Spring Water'], [1.0, 'Chultan Tea Leaves'], [1.0, 'Alkali'], [12.0, 'Aberrant Bone']]
Crafted Potion of Deflect Rank 3|12.0|False|1400|1400|Chultan Masterwork - Alchemy II|Alchemy|[[12.0, 'Chultan Spring Water'], [1.0, 'Chultan Tea Leaves'], [1.0, 'Alkali'], [12.0, 'Chamomile']]
Crafted Potion of Power Rank 3|12.0|False|1400|1400|Chultan Masterwork - Alchemy II|Alchemy|[[12.0, 'Chultan Spring Water'], [1.0, 'Chultan Tea Leaves'], [1.0, 'Alkali'], [12.0, 'Beast Horn']]
Adept's Medicinal Tea|3.0|False|1400|1400|Chultan Masterwork - Alchemy II|Alchemy|[[12.0, 'Chultan Tea Leaves'], [10.0, 'Woad'], [6.0, 'Senna Leaves'], [3.0, 'Honey'], [3.0, 'Chultan Spring Water']]
Workman's Incense|3.0|False|1400|1400|Chultan Masterwork - Alchemy II|Alchemy|[[12.0, 'Bronzewood Lumber']]
Distilled Philosopher's Bounty|1.0|False|1400|1400|Chultan Masterwork - Alchemy II|Alchemy|[[6.0, 'Chultan Spring Water'], [1.0, 'Alkali'], [1.0, 'Myrrh']]
Distilled Philosopher's Calm|1.0|False|1400|1400|Chultan Masterwork - Alchemy II|Alchemy|[[6.0, 'Chultan Spring Water'], [1.0, 'Alkali'], [1.0, 'Volcanic Salt']]
Distilled Philosopher's Keep|1.0|False|1400|1400|Chultan Masterwork - Alchemy II|Alchemy|[[6.0, 'Chultan Spring Water'], [1.0, 'Alkali'], [1.0, 'Wild Mint']]
Distilled Philosopher's Focus|1.0|False|1400|1400|Chultan Masterwork - Alchemy II|Alchemy|[[6.0, 'Chultan Spring Water'], [1.0, 'Alkali'], [1.0, 'Sugar Beet']]
Distilled Philosopher's Quick|1.0|False|1400|1400|Chultan Masterwork - Alchemy II|Alchemy|[[6.0, 'Chultan Spring Water'], [1.0, 'Alkali'], [1.0, 'Sword Coast Tea Leaves']]
Distilled Philosopher's Haste|1.0|False|1400|1400|Chultan Masterwork - Alchemy II|Alchemy|[[6.0, 'Chultan Spring Water'], [1.0, 'Alkali'], [1.0, 'Honey']]
Crafted Potion of Accuracy Rank 5|12.0|False|1050|1126|Chultan Masterwork - Alchemy II|Alchemy|[[12.0, 'Sparkling Water'], [3.0, 'Wyllowwood Lemon'], [1.0, 'Alkali'], [3.0, 'Wild Mint'], [1.0, 'Honey']]
Crafted Potion of Awareness Rank 5|12.0|False|1050|1126|Chultan Masterwork - Alchemy II|Alchemy|[[12.0, 'Sparkling Water'], [3.0, 'Nightleaf Tea'], [1.0, 'Alkali'], [3.0, 'Wild Mint'], [1.0, 'Honey']]
Crafted Potion of Combat Advantage Rank 5|12.0|False|1050|1126|Chultan Masterwork - Alchemy II|Alchemy|[[12.0, 'Sparkling Water'], [3.0, 'Wyllowwood Walnut'], [1.0, 'Alkali'], [3.0, 'Wild Mint'], [1.0, 'Honey']]
Crafted Potion of Critical Avoidance Rank 5|12.0|False|1050|1126|Chultan Masterwork - Alchemy II|Alchemy|[[12.0, 'Sparkling Water'], [3.0, 'Twisted Toadstool'], [1.0, 'Alkali'], [3.0, 'Wild Mint'], [1.0, 'Honey']]
Crafted Potion of Critical Strike Rank 5|12.0|False|1050|1126|Chultan Masterwork - Alchemy II|Alchemy|[[12.0, 'Sparkling Water'], [3.0, 'Worm Blood'], [1.0, 'Alkali'], [3.0, 'Wild Mint'], [1.0, 'Honey']]
Crafted Potion of Defense Rank 5|12.0|False|1050|1126|Chultan Masterwork - Alchemy II|Alchemy|[[12.0, 'Sparkling Water'], [3.0, 'Mysterious Bone'], [1.0, 'Alkali'], [3.0, 'Wild Mint'], [1.0, 'Honey']]
Crafted Potion of Deflect Rank 5|12.0|False|1050|1126|Chultan Masterwork - Alchemy II|Alchemy|[[12.0, 'Sparkling Water'], [3.0, 'Dream Moss'], [1.0, 'Alkali'], [3.0, 'Wild Mint'], [1.0, 'Honey']]
Crafted Potion of Power Rank 5|12.0|False|1050|1126|Chultan Masterwork - Alchemy II|Alchemy|[[12.0, 'Sparkling Water'], [3.0, 'Shed Marblehorn'], [1.0, 'Alkali'], [3.0, 'Wild Mint'], [1.0, 'Honey']]
Crafted Potion of Critical Severity Rank 5|12.0|False|1050|1126|Chultan Masterwork - Alchemy II|Alchemy|[[12.0, 'Sparkling Water'], [3.0, 'Worm Tooth'], [1.0, 'Alkali'], [3.0, 'Wild Mint'], [1.0, 'Honey']]
Commissioned Blightblockers|1.0|False|1400|1400|Sharandar Masterwork - Alchemy|Alchemy|"[[6.0, 'Hardened Blight Bark'], [6.0, ""Troll's Earwax Resin""], [2.0, ""Shadowdemon's Eyes""], [1.0, 'Feywood Lumber']]"
Commissioned Blightburner|1.0|False|1400|1400|Sharandar Masterwork - Alchemy|Alchemy|"[[6.0, 'Hardened Blight Bark'], [6.0, ""Weeping Willow's Tears""], [3.0, 'Alkali']]"
Commissioned Morning's Light Tea|1.0|False|1400|1400|Sharandar Masterwork - Alchemy|Alchemy|"[[4.0, ""Shadowdemon's Eyes""], [4.0, 'Shade Leaves'], [1.0, ""Shard of Dawn's Light""], [2.0, ""Weeping Willow's Tears""]]"
Commissioned Repellent|1.0|False|1400|1400|Sharandar Masterwork - Alchemy|Alchemy|"[[6.0, ""Troll's Earwax Resin""], [4.0, ""Weeping Willow's Tears""], [4.0, ""Shadowdemon's Eyes""]]"
Crafted Potion of Accuracy Rank 13|12.0|False|1400|1400|Sharandar Masterwork - Alchemy|Alchemy|"[[12.0, ""Weeping Willow's Tears""], [1.0, ""Shadowdemon's Eyes""], [1.0, 'Alkali'], [12.0, 'Sugar Beet']]"
Crafted Potion of Critical Strike Rank 13|12.0|False|1400|1400|Sharandar Masterwork - Alchemy|Alchemy|"[[12.0, ""Weeping Willow's Tears""], [1.0, ""Shadowdemon's Eyes""], [1.0, 'Alkali'], [12.0, 'Aberrant Blood']]"
Crafted Potion of Defense Rank 13|12.0|False|1400|1400|Sharandar Masterwork - Alchemy|Alchemy|"[[12.0, ""Weeping Willow's Tears""], [1.0, ""Shadowdemon's Eyes""], [1.0, 'Alkali'], [12.0, 'Aberrant Bone']]"
Crafted Potion of Deflect Rank 13|12.0|False|1400|1400|Sharandar Masterwork - Alchemy|Alchemy|"[[12.0, ""Weeping Willow's Tears""], [1.0, ""Shadowdemon's Eyes""], [1.0, 'Alkali'], [12.0, 'Chamomile']]"
Crafted Potion of Power Rank 13|12.0|False|1400|1400|Sharandar Masterwork - Alchemy|Alchemy|"[[12.0, ""Weeping Willow's Tears""], [1.0, ""Shadowdemon's Eyes""], [1.0, 'Alkali'], [12.0, 'Beast Horn']]"
Distilled Hermit's Bounty|1.0|False|1400|1400|Sharandar Masterwork - Alchemy|Alchemy|"[[6.0, ""Weeping Willow's Tears""], [3.0, 'Shade Leaves'], [1.0, 'Alkali'], [1.0, 'Myrrh']]"
Distilled Hermit's Calm|1.0|False|1400|1400|Sharandar Masterwork - Alchemy|Alchemy|"[[6.0, ""Weeping Willow's Tears""], [3.0, 'Shade Leaves'], [1.0, 'Alkali'], [1.0, 'Volcanic Salt']]"
Distilled Hermit's Focus|1.0|False|1400|1400|Sharandar Masterwork - Alchemy|Alchemy|"[[6.0, ""Weeping Willow's Tears""], [3.0, 'Shade Leaves'], [1.0, 'Alkali'], [1.0, 'Sugar Beet']]"
Distilled Hermit's Haste|1.0|False|1400|1400|Sharandar Masterwork - Alchemy|Alchemy|"[[6.0, ""Weeping Willow's Tears""], [3.0, 'Shade Leaves'], [1.0, 'Alkali'], [1.0, 'Honey']]"
Distilled Hermit's Keep|1.0|False|1400|1400|Sharandar Masterwork - Alchemy|Alchemy|"[[6.0, ""Weeping Willow's Tears""], [3.0, 'Shade Leaves'], [1.0, 'Alkali'], [1.0, 'Wild Mint']]"
Distilled Hermit's Quick|1.0|False|1400|1400|Sharandar Masterwork - Alchemy|Alchemy|"[[6.0, ""Weeping Willow's Tears""], [3.0, 'Shade Leaves'], [1.0, 'Alkali'], [1.0, 'Hardened Blight Bark']]"
Hermit's Incense|3.0|False|1400|1400|Sharandar Masterwork - Alchemy|Alchemy|"[[12.0, 'Hardened Blight Bark'], [12.0, ""Troll's Earwax Resin""], [12.0, 'Feywood Lumber']]"
Hermit's Medicinal Tea|3.0|False|1400|1400|Sharandar Masterwork - Alchemy|Alchemy|"[[12.0, ""Shadowdemon's Eyes""], [10.0, 'Hardened Blight Bark'], [6.0, 'Shade Leaves'], [3.0, 'Honey'], [3.0, ""Weeping Willow's Tears""]]"
Wootz Alembic|1.0|False|1400|1400|Chultan Masterwork - Armorsmithing II|Armorsmithing|[[4.0, 'Wootz Steel Plate'], [1.0, 'Lichstone Enamel']]
Mastered Bronzewood Assault Lapulapus|1.0|False|1400|1400|Chultan Masterwork - Armorsmithing II|Armorsmithing|[[2.0, 'Hardened Bronzewood'], [2.0, 'Feathered Ornament'], [3.0, 'Lacquered Dinosaur Leather'], [1.0, 'Lichstone Enamel']]
Mastered Bronzewood Raid Ibhuzus|1.0|False|1400|1400|Chultan Masterwork - Armorsmithing II|Armorsmithing|[[2.0, 'Hardened Bronzewood'], [2.0, 'Feathered Ornament'], [3.0, 'Brilliant Bead'], [1.0, 'Lichstone Enamel']]
Mastered Bronzewood Raid Lapulapus|1.0|False|1400|1400|Chultan Masterwork - Armorsmithing II|Armorsmithing|[[2.0, 'Hardened Bronzewood'], [2.0, 'Feathered Ornament'], [3.0, 'Lacquered Dinosaur Leather'], [1.0, 'Lichstone Enamel']]
Mastered Bronzewood Raid Qalisas|1.0|False|1400|1400|Chultan Masterwork - Armorsmithing II|Armorsmithing|[[2.0, 'Hardened Bronzewood'], [2.0, 'Jute Macrame'], [3.0, 'Lacquered Dinosaur Leather'], [1.0, 'Lichstone Enamel']]
Mastered Bronzewood Restoration Isikhumbas|1.0|False|1400|1400|Chultan Masterwork - Armorsmithing II|Armorsmithing|[[2.0, 'Hardened Bronzewood'], [2.0, 'Feathered Ornament'], [3.0, 'Lakh Varnish'], [1.0, 'Lichstone Enamel']]
Mastered Bronzewood Restoration Qalisas|1.0|False|1400|1400|Chultan Masterwork - Armorsmithing II|Armorsmithing|[[2.0, 'Hardened Bronzewood'], [2.0, 'Jute Macrame'], [3.0, 'Lacquered Dinosaur Leather'], [1.0, 'Lichstone Enamel']]
Mastered Bronzewood Ward Ibhuzus|1.0|False|1400|1400|Chultan Masterwork - Armorsmithing II|Armorsmithing|[[2.0, 'Hardened Bronzewood'], [2.0, 'Feathered Ornament'], [3.0, 'Brilliant Bead'], [1.0, 'Lichstone Enamel']]
Mastered Bronzewood Ward Isikhumbas|1.0|False|1400|1400|Chultan Masterwork - Armorsmithing II|Armorsmithing|[[2.0, 'Hardened Bronzewood'], [2.0, 'Feathered Ornament'], [3.0, 'Lakh Varnish'], [1.0, 'Lichstone Enamel']]
Mastered Bronzewood Assault Bangili|1.0|False|1400|1400|Chultan Masterwork - Armorsmithing II|Armorsmithing|[[2.0, 'Hardened Bronzewood'], [2.0, 'Feathered Ornament'], [3.0, 'Chultan Silk Thread'], [1.0, 'Lichstone Enamel']]
Mastered Bronzewood Raid Bangili|1.0|False|1400|1400|Chultan Masterwork - Armorsmithing II|Armorsmithing|[[2.0, 'Hardened Bronzewood'], [2.0, 'Feathered Ornament'], [3.0, 'Chultan Silk Thread'], [1.0, 'Lichstone Enamel']]
Mastered Bronzewood Raid Isikrinis|1.0|False|1400|1400|Chultan Masterwork - Armorsmithing II|Armorsmithing|[[2.0, 'Hardened Bronzewood'], [2.0, 'Jute Macrame'], [3.0, 'Chultan Silk Thread'], [1.0, 'Lichstone Enamel']]
Mastered Bronzewood Raid Umdwebo|1.0|False|1400|1400|Chultan Masterwork - Armorsmithing II|Armorsmithing|[[2.0, 'Hardened Bronzewood'], [2.0, 'Feathered Ornament'], [3.0, 'Lakh Varnish'], [1.0, 'Lichstone Enamel']]
Mastered Bronzewood Restoration Ibhendis|1.0|False|1400|1400|Chultan Masterwork - Armorsmithing II|Armorsmithing|[[2.0, 'Hardened Bronzewood'], [2.0, 'Feathered Ornament'], [3.0, 'Brilliant Bead'], [1.0, 'Lichstone Enamel']]
Mastered Bronzewood Restoration Isikrinis|1.0|False|1400|1400|Chultan Masterwork - Armorsmithing II|Armorsmithing|[[2.0, 'Hardened Bronzewood'], [2.0, 'Jute Macrame'], [3.0, 'Chultan Silk Thread'], [1.0, 'Lichstone Enamel']]
Mastered Bronzewood Ward Ibhendis|1.0|False|1400|1400|Chultan Masterwork - Armorsmithing II|Armorsmithing|[[2.0, 'Hardened Bronzewood'], [2.0, 'Feathered Ornament'], [3.0, 'Brilliant Bead'], [1.0, 'Lichstone Enamel']]
Mastered Bronzewood Ward Umdwebo|1.0|False|1400|1400|Chultan Masterwork - Armorsmithing II|Armorsmithing|[[2.0, 'Hardened Bronzewood'], [2.0, 'Feathered Ornament'], [3.0, 'Lakh Varnish'], [1.0, 'Lichstone Enamel']]
Mastered Bronzewood Assault Kanzu|1.0|False|1400|1400|Chultan Masterwork - Armorsmithing II|Armorsmithing|[[4.0, 'Hardened Bronzewood'], [2.0, 'Lacquered Dinosaur Leather'], [2.0, 'Lion Fur'], [1.0, 'Chultan Silk'], [1.0, 'Lichstone Enamel']]
Mastered Bronzewood Raid Eziwa|1.0|False|1400|1400|Chultan Masterwork - Armorsmithing II|Armorsmithing|[[4.0, 'Hardened Bronzewood'], [2.0, 'Jute Macrame'], [2.0, 'Feathered Ornament'], [1.0, 'Chultan Silk'], [1.0, 'Lichstone Enamel']]
Mastered Bronzewood Raid Kanzu|1.0|False|1400|1400|Chultan Masterwork - Armorsmithing II|Armorsmithing|[[4.0, 'Hardened Bronzewood'], [2.0, 'Lacquered Dinosaur Leather'], [2.0, 'Lion Fur'], [1.0, 'Chultan Silk'], [1.0, 'Lichstone Enamel']]
Mastered Bronzewood Raid Sesifuba|1.0|False|1400|1400|Chultan Masterwork - Armorsmithing II|Armorsmithing|[[4.0, 'Hardened Bronzewood'], [2.0, 'Lacquered Dinosaur Leather'], [2.0, 'Feathered Ornament'], [1.0, 'Chultan Silk'], [1.0, 'Lichstone Enamel']]
Mastered Bronzewood Restoration Eziwa|1.0|False|1400|1400|Chultan Masterwork - Armorsmithing II|Armorsmithing|[[4.0, 'Hardened Bronzewood'], [2.0, 'Jute Macrame'], [2.0, 'Feathered Ornament'], [1.0, 'Chultan Silk'], [1.0, 'Lichstone Enamel']]
Mastered Bronzewood Restoration Ibhantshi|1.0|False|1400|1400|Chultan Masterwork - Armorsmithing II|Armorsmithing|[[4.0, 'Hardened Bronzewood'], [2.0, 'Chultan Silk'], [2.0, 'Feathered Ornament'], [1.0, 'Lacquered Dinosaur Leather'], [1.0, 'Lichstone Enamel']]
Mastered Bronzewood Ward Ibhantshi|1.0|False|1400|1400|Chultan Masterwork - Armorsmithing II|Armorsmithing|[[4.0, 'Hardened Bronzewood'], [2.0, 'Chultan Silk'], [2.0, 'Feathered Ornament'], [1.0, 'Lacquered Dinosaur Leather'], [1.0, 'Lichstone Enamel']]
Mastered Bronzewood Ward Sesifuba|1.0|False|1400|1400|Chultan Masterwork - Armorsmithing II|Armorsmithing|[[4.0, 'Hardened Bronzewood'], [2.0, 'Lacquered Dinosaur Leather'], [2.0, 'Feathered Ornament'], [1.0, 'Chultan Silk'], [1.0, 'Lichstone Enamel']]
Mastered Bronzewood Assault Kofia|1.0|False|1400|1400|Chultan Masterwork - Armorsmithing II|Armorsmithing|[[2.0, 'Hardened Bronzewood'], [2.0, 'Chultan Silk'], [3.0, 'Brilliant Bead'], [1.0, 'Lichstone Enamel']]
Mastered Bronzewood Raid Isigcina|1.0|False|1400|1400|Chultan Masterwork - Armorsmithing II|Armorsmithing|[[2.0, 'Hardened Bronzewood'], [2.0, 'Jute Macrame'], [3.0, 'Chultan Silk Thread'], [1.0, 'Lichstone Enamel']]
Mastered Bronzewood Raid Isigqoko|1.0|False|1400|1400|Chultan Masterwork - Armorsmithing II|Armorsmithing|[[2.0, 'Hardened Bronzewood'], [2.0, 'Feathered Ornament'], [3.0, 'Brilliant Bead'], [1.0, 'Lichstone Enamel']]
Mastered Bronzewood Raid Kofia|1.0|False|1400|1400|Chultan Masterwork - Armorsmithing II|Armorsmithing|[[2.0, 'Hardened Bronzewood'], [2.0, 'Chultan Silk'], [3.0, 'Brilliant Bead'], [1.0, 'Lichstone Enamel']]
Mastered Bronzewood Restoration Isigcina|1.0|False|1400|1400|Chultan Masterwork - Armorsmithing II|Armorsmithing|[[2.0, 'Hardened Bronzewood'], [2.0, 'Jute Macrame'], [3.0, 'Chultan Silk Thread'], [1.0, 'Lichstone Enamel']]
Mastered Bronzewood Restoration Umqhele|1.0|False|1400|1400|Chultan Masterwork - Armorsmithing II|Armorsmithing|[[2.0, 'Hardened Bronzewood'], [2.0, 'Feathered Ornament'], [3.0, 'Lakh Varnish'], [1.0, 'Lichstone Enamel']]
Mastered Bronzewood Ward Isigqoko|1.0|False|1400|1400|Chultan Masterwork - Armorsmithing II|Armorsmithing|[[2.0, 'Hardened Bronzewood'], [2.0, 'Feathered Ornament'], [3.0, 'Brilliant Bead'], [1.0, 'Lichstone Enamel']]
Mastered Bronzewood Ward Umqhele|1.0|False|1400|1400|Chultan Masterwork - Armorsmithing II|Armorsmithing|[[2.0, 'Hardened Bronzewood'], [2.0, 'Feathered Ornament'], [3.0, 'Lakh Varnish'], [1.0, 'Lichstone Enamel']]
Mastered Bronzewood Cuauhchimalli|1.0|False|1400|1400|Chultan Masterwork - Armorsmithing II|Armorsmithing|[[3.0, 'Living Bronzewood'], [4.0, 'Hardened Bronzewood'], [2.0, 'Lion Fur'], [1.0, 'Lacquered Dinosaur Leather']]
Mastered Bronzewood Mahuizzochimalli|1.0|False|1400|1400|Chultan Masterwork - Armorsmithing II|Armorsmithing|[[3.0, 'Living Bronzewood'], [4.0, 'Obsidian Shard'], [2.0, 'Feathered Ornament'], [1.0, 'Lion Fur']]
Commissioned Finger Bow Releases|1.0|False|1400|1400|Sharandar Masterwork - Armorsmithing|Armorsmithing|"[[2.0, 'Feywood Lumber'], [2.0, 'Elm Lumber'], [2.0, 'Hardened Blight Bark'], [1.0, ""Shard of Dawn's Light""], [1.0, 'Soulfire Flies']]"
Commissioned Livingwood Bolts|1.0|False|1400|1400|Sharandar Masterwork - Armorsmithing|Armorsmithing|"[[6.0, 'Silvertongue Moss'], [4.0, ""Shard of Dawn's Light""], [2.0, 'Corpse Flower Thorn'], [1.0, 'Shattered Snowflakes'], [1.0, 'Salt-Marsh Crystal']]"
Commissioned Livingwood Quiver|1.0|False|1400|1400|Sharandar Masterwork - Armorsmithing|Armorsmithing|"[[4.0, 'Silvertongue Moss'], [4.0, ""Displacer Beast's Whisker""], [2.0, 'Shade Leaves'], [2.0, 'Feywood Lumber'], [2.0, ""Ears 'N Tears""]]"
Commissioned Shieldings|1.0|False|1400|1400|Sharandar Masterwork - Armorsmithing|Armorsmithing|"[[8.0, ""Shard of Dawn's Light""], [2.0, 'Copper Ingot'], [2.0, 'Silvertongue Moss'], [2.0, 'Hardened Blight Bark'], [1.0, 'Salt-Marsh Crystal']]"
Commissioned Spiked Trap|1.0|False|1400|1400|Sharandar Masterwork - Armorsmithing|Armorsmithing|"[[4.0, 'Hardened Feywood'], [1.0, 'Feywood Lumber'], [4.0, 'Corpse Flower Thorn'], [2.0, ""Ears 'N Tears""]]"
Commissioned Support Braces|1.0|False|1400|1400|Sharandar Masterwork - Armorsmithing|Armorsmithing|"[[1.0, 'Hardened Blight Bark'], [2.0, ""Shard of Dawn's Light""], [2.0, 'Soulfire Flies'], [1.0, 'Silver Vines'], [1.0, ""Dawn's Silver Enamel""]]"
Commissioned Trap Wires|1.0|False|1400|1400|Sharandar Masterwork - Armorsmithing|Armorsmithing|"[[6.0, 'Silvertongue Moss'], [3.0, 'Corpse Flower Thorn'], [2.0, ""Troll's Earwax Resin""], [1.0, ""Frozen Dawn's Dew""]]"
Commissioned Spider Barding|1.0|False|1400|1400|Sharandar Masterwork - Armorsmithing|Armorsmithing|"[[3.0, 'Feywood Lumber'], [2.0, ""Lacquered 'Aged' Leather""], [2.0, 'Soulfire Flies'], [2.0, ""Dawn's Silver Enamel""]]"
Feywood Buckler|1.0|False|1400|1400|Sharandar Masterwork - Armorsmithing|Armorsmithing|[[3.0, 'Living Feywood'], [4.0, 'Silver Vines'], [2.0, 'Crystalline Ornament'], [1.0, 'Lacquered Leaves']]
Feywood Shield|1.0|False|1400|1400|Sharandar Masterwork - Armorsmithing|Armorsmithing|"[[3.0, 'Living Feywood'], [4.0, 'Hardened Feywood'], [2.0, 'Lacquered Leaves'], [1.0, ""Lacquered 'Aged' Leather""]]"
Feywood Barbute|1.0|False|1400|1400|Sharandar Masterwork - Armorsmithing|Armorsmithing|"[[2.0, 'Hardened Feywood'], [2.0, 'Woven Fey Leaves'], [3.0, 'Beads of Light'], [1.0, ""Dawn's Silver Enamel""]]"
Feywood Breastplate|1.0|False|1400|1400|Sharandar Masterwork - Armorsmithing|Armorsmithing|"[[4.0, 'Hardened Feywood'], [2.0, ""Lacquered 'Aged' Leather""], [2.0, 'Lacquered Leaves'], [1.0, 'Woven Fey Leaves'], [1.0, ""Dawn's Silver Enamel""]]"
Feywood Sprouts|1.0|False|1400|1400|Sharandar Masterwork - Armorsmithing|Armorsmithing|"[[2.0, 'Hardened Feywood'], [2.0, 'Crystalline Ornament'], [3.0, 'Fey Fibers'], [1.0, ""Dawn's Silver Enamel""]]"
Feywood Wetboots|1.0|False|1400|1400|Sharandar Masterwork - Armorsmithing|Armorsmithing|"[[2.0, 'Hardened Feywood'], [2.0, 'Crystalline Ornament'], [3.0, ""Lacquered 'Aged' Leather""], [1.0, ""Dawn's Silver Enamel""]]"
Fey'd Leaf Bark Crown|1.0|False|1400|1400|Sharandar Masterwork - Armorsmithing|Armorsmithing|"[[2.0, 'Hardened Feywood'], [2.0, 'Woven Whiskers'], [3.0, 'Fey Fibers'], [1.0, ""Dawn's Silver Enamel""]]"
Feywood Barkbrace|1.0|False|1400|1400|Sharandar Masterwork - Armorsmithing|Armorsmithing|"[[4.0, 'Hardened Feywood'], [2.0, 'Woven Whiskers'], [2.0, 'Crystalline Ornament'], [1.0, 'Woven Fey Leaves'], [1.0, ""Dawn's Silver Enamel""]]"
Feywood Cuirass|1.0|False|1400|1400|Sharandar Masterwork - Armorsmithing|Armorsmithing|"[[4.0, 'Hardened Feywood'], [2.0, 'Woven Fey Leaves'], [2.0, 'Crystalline Ornament'], [1.0, ""Lacquered 'Aged' Leather""], [1.0, ""Dawn's Silver Enamel""]]"
Feywood Sabatons|1.0|False|1400|1400|Sharandar Masterwork - Armorsmithing|Armorsmithing|"[[2.0, 'Hardened Feywood'], [2.0, 'Crystalline Ornament'], [3.0, ""Ears 'N Tears""], [1.0, ""Dawn's Silver Enamel""]]"
Feywood Sallet|1.0|False|1400|1400|Sharandar Masterwork - Armorsmithing|Armorsmithing|"[[2.0, 'Hardened Feywood'], [2.0, 'Crystalline Ornament'], [3.0, ""Ears 'N Tears""], [1.0, ""Dawn's Silver Enamel""]]"
Feywood Shoes|1.0|False|1400|1400|Sharandar Masterwork - Armorsmithing|Armorsmithing|"[[2.0, 'Hardened Feywood'], [2.0, 'Woven Whiskers'], [3.0, ""Lacquered 'Aged' Leather""], [1.0, ""Dawn's Silver Enamel""]]"
Feywood Sprigs|1.0|False|1400|1400|Sharandar Masterwork - Armorsmithing|Armorsmithing|"[[2.0, 'Hardened Feywood'], [2.0, 'Woven Whiskers'], [3.0, 'Fey Fibers'], [1.0, ""Dawn's Silver Enamel""]]"
Feywood Wristguards|1.0|False|1400|1400|Sharandar Masterwork - Armorsmithing|Armorsmithing|"[[2.0, 'Hardened Feywood'], [2.0, 'Crystalline Ornament'], [3.0, 'Beads of Light'], [1.0, ""Dawn's Silver Enamel""]]"
Fey'd Leaf Crown|1.0|False|1400|1400|Sharandar Masterwork - Armorsmithing|Armorsmithing|"[[2.0, 'Hardened Feywood'], [2.0, 'Woven Whiskers'], [3.0, 'Fey Fibers'], [1.0, ""Dawn's Silver Enamel""]]"
Feywood Bark|1.0|False|1400|1400|Sharandar Masterwork - Armorsmithing|Armorsmithing|"[[2.0, 'Hardened Feywood'], [2.0, 'Crystalline Ornament'], [3.0, ""Ears 'N Tears""], [1.0, ""Dawn's Silver Enamel""]]"
Heavy Feywood Barbute|1.0|False|1400|1400|Sharandar Masterwork - Armorsmithing|Armorsmithing|"[[3.0, 'Hardened Feywood'], [1.0, 'Woven Fey Leaves'], [3.0, 'Beads of Light'], [1.0, ""Dawn's Silver Enamel""]]"
Feywood Bark Barbute|1.0|False|1400|1400|Sharandar Masterwork - Armorsmithing|Armorsmithing|"[[2.0, 'Hardened Feywood'], [2.0, 'Woven Fey Leaves'], [3.0, 'Beads of Light'], [1.0, ""Dawn's Silver Enamel""]]"
Feywood Barkguard|1.0|False|1400|1400|Sharandar Masterwork - Armorsmithing|Armorsmithing|"[[4.0, 'Hardened Feywood'], [2.0, 'Woven Whiskers'], [2.0, 'Crystalline Ornament'], [1.0, 'Woven Fey Leaves'], [1.0, ""Dawn's Silver Enamel""]]"
Feywood Boots|1.0|False|1400|1400|Sharandar Masterwork - Armorsmithing|Armorsmithing|"[[2.0, 'Hardened Feywood'], [2.0, 'Woven Whiskers'], [3.0, ""Lacquered 'Aged' Leather""], [1.0, ""Dawn's Silver Enamel""]]"
Feywood Branches|1.0|False|1400|1400|Sharandar Masterwork - Armorsmithing|Armorsmithing|"[[2.0, 'Hardened Feywood'], [2.0, 'Crystalline Ornament'], [3.0, 'Fey Fibers'], [1.0, ""Dawn's Silver Enamel""]]"
Feywood Breastboard|1.0|False|1400|1400|Sharandar Masterwork - Armorsmithing|Armorsmithing|"[[4.0, 'Hardened Feywood'], [2.0, ""Lacquered 'Aged' Leather""], [2.0, 'Lacquered Leaves'], [1.0, 'Woven Fey Leaves'], [1.0, ""Dawn's Silver Enamel""]]"
Feywood Chestplate|1.0|False|1400|1400|Sharandar Masterwork - Armorsmithing|Armorsmithing|"[[4.0, 'Hardened Feywood'], [2.0, ""Lacquered 'Aged' Leather""], [2.0, 'Crystalline Ornament'], [1.0, 'Woven Fey Leaves'], [1.0, ""Dawn's Silver Enamel""]]"
Feywood Greaves|1.0|False|1400|1400|Sharandar Masterwork - Armorsmithing|Armorsmithing|"[[2.0, 'Hardened Feywood'], [2.0, 'Crystalline Ornament'], [3.0, 'Beads of Light'], [1.0, ""Dawn's Silver Enamel""]]"
Feywood Helm|1.0|False|1400|1400|Sharandar Masterwork - Armorsmithing|Armorsmithing|"[[2.0, 'Hardened Feywood'], [2.0, 'Crystalline Ornament'], [3.0, 'Beads of Light'], [1.0, ""Dawn's Silver Enamel""]]"
Feywood Waders|1.0|False|1400|1400|Sharandar Masterwork - Armorsmithing|Armorsmithing|"[[2.0, 'Hardened Feywood'], [2.0, 'Crystalline Ornament'], [3.0, ""Lacquered 'Aged' Leather""], [1.0, ""Dawn's Silver Enamel""]]"
Feywood Wraps|1.0|False|1400|1400|Sharandar Masterwork - Armorsmithing|Armorsmithing|"[[2.0, 'Hardened Feywood'], [2.0, 'Woven Whiskers'], [3.0, 'Fey Fibers'], [1.0, ""Dawn's Silver Enamel""]]"
Feywood Bark Helm|1.0|False|1400|1400|Sharandar Masterwork - Armorsmithing|Armorsmithing|"[[2.0, 'Hardened Feywood'], [2.0, 'Crystalline Ornament'], [3.0, 'Beads of Light'], [1.0, ""Dawn's Silver Enamel""]]"
Feywood Bark Sallet|1.0|False|1400|1400|Sharandar Masterwork - Armorsmithing|Armorsmithing|"[[2.0, 'Hardened Feywood'], [2.0, 'Crystalline Ornament'], [3.0, ""Ears 'N Tears""], [1.0, ""Dawn's Silver Enamel""]]"
Feywood Blightbark|1.0|False|1400|1400|Sharandar Masterwork - Armorsmithing|Armorsmithing|"[[2.0, 'Hardened Feywood'], [2.0, 'Crystalline Ornament'], [3.0, ""Ears 'N Tears""], [1.0, ""Dawn's Silver Enamel""]]"
Feywood Chestguard|1.0|False|1400|1400|Sharandar Masterwork - Armorsmithing|Armorsmithing|"[[4.0, 'Hardened Feywood'], [2.0, ""Lacquered 'Aged' Leather""], [2.0, 'Crystalline Ornament'], [1.0, 'Woven Fey Leaves'], [1.0, ""Dawn's Silver Enamel""]]"
Feywood Gaiters|1.0|False|1400|1400|Sharandar Masterwork - Armorsmithing|Armorsmithing|"[[2.0, 'Hardened Feywood'], [2.0, 'Crystalline Ornament'], [3.0, 'Beads of Light'], [1.0, ""Dawn's Silver Enamel""]]"
Feywood Gauntlets|1.0|False|1400|1400|Sharandar Masterwork - Armorsmithing|Armorsmithing|"[[2.0, 'Hardened Feywood'], [2.0, 'Crystalline Ornament'], [3.0, 'Beads of Light'], [1.0, ""Dawn's Silver Enamel""]]"
Feywood Poleyns|1.0|False|1400|1400|Sharandar Masterwork - Armorsmithing|Armorsmithing|"[[2.0, 'Hardened Feywood'], [2.0, 'Crystalline Ornament'], [3.0, ""Ears 'N Tears""], [1.0, ""Dawn's Silver Enamel""]]"
Hardened Feywood Cuirass|1.0|False|1400|1400|Sharandar Masterwork - Armorsmithing|Armorsmithing|"[[4.0, 'Hardened Feywood'], [2.0, 'Woven Fey Leaves'], [2.0, 'Crystalline Ornament'], [1.0, ""Lacquered 'Aged' Leather""], [1.0, ""Dawn's Silver Enamel""]]"
Silvervine Alembic|1.0|False|1400|1400|Sharandar Masterwork - Armorsmithing|Armorsmithing|"[[4.0, 'Silvertongue Moss'], [2.0, 'Silver Vines'], [2.0, 'Soulfire Flies'], [1.0, ""Dawn's Silver Enamel""]]"
Bronzewood Bucket|1.0|False|1400|1400|Chultan Masterwork - Artificing I|Artificing|[[5.0, 'Bronzewood Lumber'], [3.0, 'Lakh Varnish']]
Bronzewood Crossbow|1.0|False|1400|1400|Chultan Masterwork - Artificing I|Artificing|[[2.0, 'Bronzewood Lumber'], [2.0, 'Hardened Bronzewood'], [1.0, 'Drake Sinew']]
Bronzewood Picatrix|1.0|False|1400|1400|Chultan Masterwork - Artificing I|Artificing|[[1.0, 'Bronzewood Lumber'], [3.0, 'Lakh Varnish'], [1.0, 'Black Ink']]
Mastered Dinohide Temicamatl|1.0|False|1400|1400|Chultan Masterwork - Artificing II|Artificing|[[3.0, 'Living Varnish'], [4.0, 'Lacquered Dinosaur Leather'], [5.0, 'Chultan Silk Thread']]
Mastered Fanged Quiilpia|1.0|False|1400|1400|Chultan Masterwork - Artificing II|Artificing|[[3.0, 'Living Bronzewood'], [4.0, 'Brilliant Bead'], [2.0, 'Fanged Ornament'], [1.0, 'Chultan Silk Thread']]
Mastered Feathered Ilhuilli|1.0|False|1400|1400|Chultan Masterwork - Artificing II|Artificing|[[3.0, 'Soulfired Obsidian'], [4.0, 'Hardened Bronzewood'], [2.0, 'Fanged Ornament'], [1.0, 'Lakh Varnish']]
Mastered Bronzewood Tlahuitolli|1.0|False|1400|1400|Chultan Masterwork - Artificing II|Artificing|[[3.0, 'Living Bronzewood'], [2.0, 'Feathered Ornament'], [2.0, 'Obsidian Shard'], [2.0, 'Chultan Silk Thread'], [1.0, 'Lakh Varnish']]
Mastered Feathered Teotlanextli|1.0|False|1400|1400|Chultan Masterwork - Artificing II|Artificing|[[3.0, 'Living Bronzewood'], [4.0, 'Jute Macrame'], [2.0, 'Feathered Ornament'], [1.0, 'Obsidian Shard'], [1.0, 'Lakh Varnish']]
Mastered Obsidian Miztonhiyo|1.0|False|1400|1400|Chultan Masterwork - Artificing II|Artificing|[[3.0, 'Living Bronzewood'], [4.0, 'Jute Macrame'], [2.0, 'Feathered Ornament'], [1.0, 'Obsidian Shard'], [1.0, 'Lakh Varnish']]
Mastered Obsidian Tecpatl|1.0|False|1400|1400|Chultan Masterwork - Artificing II|Artificing|[[3.0, 'Living Bronzewood'], [4.0, 'Obsidian Shard'], [2.0, 'Feathered Ornament'], [1.0, 'Jute Macrame'], [1.0, 'Lakh Varnish']]
Mastered Obsidian Mekatl|1.0|False|1400|1400|Chultan Masterwork - Artificing II|Artificing|[[3.0, 'Soulfired Obsidian'], [4.0, 'Hardened Bronzewood'], [2.0, 'Fanged Ornament'], [1.0, 'Lakh Varnish'], [1.0, 'Soulfire Flies']]
Commissioned Abacus|1.0|False|1400|1400|Sharandar Masterwork - Artificing|Artificing|"[[4.0, ""Displacer Beast's Whisker""], [2.0, 'Silver Vines'], [1.0, ""Shard of Dawn's Light""], [2.0, ""Dawn's Silver Enamel""]]"
Commissioned Compass|1.0|False|1400|1400|Sharandar Masterwork - Artificing|Artificing|"[[4.0, ""Shard of Dawn's Light""], [4.0, ""Dawn's Silver Enamel""], [2.0, 'Silver Vines'], [2.0, ""Troll's Earwax Resin""]]"
Commissioned Portal Frame|1.0|False|1400|1400|Sharandar Masterwork - Artificing|Artificing|"[[20.0, 'Feywood Lumber'], [6.0, 'Hardened Blight Bark'], [4.0, 'Corpse Flower Thorn'], [2.0, ""Ears 'N Tears""]]"
Commissioned Silver Sealant|1.0|False|1400|1400|Sharandar Masterwork - Artificing|Artificing|"[[4.0, ""Ears 'N Tears""], [4.0, ""Frozen Dawn's Dew""], [2.0, ""Dawn's Silver Enamel""], [1.0, ""Troll's Earwax Resin""], [1.0, ""Weeping Willow's Tears""]]"
Feywood Bucket|1.0|False|1400|1400|Sharandar Masterwork - Artificing|Artificing|"[[2.0, 'Feywood Lumber'], [2.0, 'Corpse Flower Thorn'], [1.0, 'Questionable Piece of Leather'], [3.0, ""Ears 'N Tears""]]"
Feywood Crossbow|1.0|False|1400|1400|Sharandar Masterwork - Artificing|Artificing|[[2.0, 'Feywood Lumber'], [2.0, 'Hardened Feywood'], [1.0, 'Soulfire Flies'], [1.0, 'Shade Leaves']]
Feywood Picatrix|1.0|False|1400|1400|Sharandar Masterwork - Artificing|Artificing|"[[1.0, 'Feywood Lumber'], [3.0, ""Ears 'N Tears""], [1.0, 'Soulfire Flies'], [3.0, 'Shade Leaves'], [1.0, ""Troll's Earwax Resin""]]"
Feywood Longbow|1.0|False|1400|1400|Sharandar Masterwork - Artificing|Artificing|"[[3.0, 'Living Feywood'], [2.0, 'Crystalline Ornament'], [2.0, 'Silver Vines'], [2.0, 'Fey Fibers'], [1.0, ""Ears 'N Tears""]]"
Feywood Pact Blade|1.0|False|1400|1400|Sharandar Masterwork - Artificing|Artificing|"[[3.0, 'Living Feywood'], [4.0, 'Silver Vines'], [2.0, 'Crystalline Ornament'], [1.0, 'Woven Whiskers'], [1.0, ""Ears 'N Tears""]]"
Silvervine Orb|1.0|False|1400|1400|Sharandar Masterwork - Artificing|Artificing|"[[3.0, 'Living Feywood'], [4.0, 'Woven Whiskers'], [2.0, 'Crystalline Ornament'], [1.0, 'Silver Vines'], [1.0, ""Ears 'N Tears""]]"
Silvervine Sceptor|1.0|False|1400|1400|Sharandar Masterwork - Artificing|Artificing|"[[3.0, 'Living Feywood'], [4.0, 'Woven Whiskers'], [2.0, 'Crystalline Ornament'], [1.0, 'Silver Vines'], [1.0, ""Ears 'N Tears""]]"
Feywood Lute|1.0|False|1400|1400|Sharandar Masterwork - Artificing|Artificing|"[[3.0, ""Frozen Dawn's Dew""], [4.0, 'Hardened Feywood'], [2.0, 'Thorned Ornament'], [1.0, ""Ears 'N Tears""]]"
Frozen Dew Icon|1.0|False|1400|1400|Sharandar Masterwork - Artificing|Artificing|"[[3.0, ""Frozen Dawn's Dew""], [4.0, 'Hardened Feywood'], [2.0, 'Thorned Ornament'], [1.0, ""Ears 'N Tears""]]"
Petrified Grimoire|1.0|False|1400|1400|Sharandar Masterwork - Artificing|Artificing|"[[3.0, 'Salty Tears Varnish'], [4.0, ""Lacquered 'Aged' Leather""], [2.0, 'Fey Fibers'], [4.0, 'Shade Leaves']]"
Thorned Talisman|1.0|False|1400|1400|Sharandar Masterwork - Artificing|Artificing|[[3.0, 'Living Feywood'], [4.0, 'Beads of Light'], [2.0, 'Thorned Ornament'], [1.0, 'Fey Fibers']]
Wootz Cross-pein Hammer|1.0|False|1400|1400|Chultan Masterwork - Blacksmithing I|Blacksmithing|[[2.0, 'Chultan Wootz Ingot'], [1.0, 'Bronzewood Lumber'], [2.0, 'Lacquered Dinosaur Leather']]
Wootz File|1.0|False|1400|1400|Chultan Masterwork - Blacksmithing I|Blacksmithing|[[3.0, 'Chultan Wootz Ingot'], [1.0, 'Lacquered Dinosaur Leather']]
Wootz Hatchet|1.0|False|1400|1400|Chultan Masterwork - Blacksmithing I|Blacksmithing|[[2.0, 'Chultan Wootz Ingot'], [1.0, 'Bronzewood Lumber'], [3.0, 'Shark Oil']]
Wootz Pickaxe|1.0|False|1400|1400|Chultan Masterwork - Blacksmithing I|Blacksmithing|[[3.0, 'Chultan Wootz Ingot'], [1.0, 'Bronzewood Lumber'], [1.0, 'Lacquered Dinosaur Leather']]
Wootz Raising Hammer|1.0|False|1400|1400|Chultan Masterwork - Blacksmithing I|Blacksmithing|[[2.0, 'Chultan Wootz Ingot'], [1.0, 'Bronzewood Lumber'], [2.0, 'Chultan Silk']]
Wootz Round Knife|1.0|False|1400|1400|Chultan Masterwork - Blacksmithing I|Blacksmithing|[[2.0, 'Chultan Wootz Ingot'], [2.0, 'Lacquered Dinosaur Leather'], [3.0, 'Shark Oil']]
Wootz Scythe|1.0|False|1400|1400|Chultan Masterwork - Blacksmithing I|Blacksmithing|[[2.0, 'Chultan Wootz Ingot'], [1.0, 'Bronzewood Lumber'], [2.0, 'Lakh Varnish'], [3.0, 'Slate Whetstone']]
Mastered Obsidian Itecpayo|1.0|False|1400|1400|Chultan Masterwork - Blacksmithing II|Blacksmithing|[[3.0, 'Soulfired Obsidian'], [4.0, 'Hardened Bronzewood'], [2.0, 'Feathered Ornament'], [3.0, 'Chultan Wootz Ingot']]
Mastered Obsidian Itztopilli|1.0|False|1400|1400|Chultan Masterwork - Blacksmithing II|Blacksmithing|[[3.0, 'Soulfired Obsidian'], [4.0, 'Hardened Bronzewood'], [2.0, 'Lion Fur'], [1.0, 'Bronzewood Lumber']]
Mastered Obsidian Rapier|1.0|False|1400|1400|Chultan Masterwork - Blacksmithing II|Blacksmithing|[[3.0, 'Soulfired Obsidian'], [4.0, 'Obsidian Shard'], [2.0, 'Lacquered Dinosaur Leather'], [1.0, 'Hardened Bronzewood'], [1.0, 'Feathered Ornament']]
Mastered Bronzewood Huitzauhqui|1.0|False|1400|1400|Chultan Masterwork - Blacksmithing II|Blacksmithing|[[3.0, 'Chultan Wootz Ingot'], [3.0, 'Soulfired Obsidian'], [4.0, 'Hardened Bronzewood'], [2.0, 'Lacquered Dinosaur Leather']]
Mastered Bronzewood Macuahuitl|1.0|False|1400|1400|Chultan Masterwork - Blacksmithing II|Blacksmithing|[[3.0, 'Soulfired Obsidian'], [4.0, 'Hardened Bronzewood'], [2.0, 'Lacquered Dinosaur Leather'], [3.0, 'Chultan Wootz Ingot']]
Mastered Bronzewood Quauhololli|1.0|False|1400|1400|Chultan Masterwork - Blacksmithing II|Blacksmithing|[[3.0, 'Soulfired Obsidian'], [4.0, 'Hardened Bronzewood'], [2.0, 'Lacquered Dinosaur Leather'], [3.0, 'Chultan Wootz Ingot'], [1.0, 'Chultan Silk']]
Mastered Obsidian Omihuictli|1.0|False|1400|1400|Chultan Masterwork - Blacksmithing II|Blacksmithing|[[3.0, 'Soulfired Obsidian'], [4.0, 'Obsidian Shard'], [2.0, 'Lacquered Dinosaur Leather'], [1.0, 'Hardened Bronzewood'], [1.0, 'Feathered Ornament']]
Commissioned Blight Slicers|1.0|False|1400|1400|Sharandar Masterwork - Blacksmithing|Blacksmithing|"[[4.0, 'Feywood Lumber'], [2.0, ""Dawn's Silver Enamel""], [2.0, 'Soulfire Flies']]"
Commissioned Earth Mulchers|1.0|False|1400|1400|Sharandar Masterwork - Blacksmithing|Blacksmithing|[[6.0, 'Silvertongue Moss'], [4.0, 'Feywood Lumber'], [2.0, 'Soulfire Flies']]
Commissioned Shadow Cutters|1.0|False|1400|1400|Sharandar Masterwork - Blacksmithing|Blacksmithing|"[[3.0, 'Silver Vines'], [2.0, 'Hardened Feywood'], [2.0, ""Ears 'N Tears""], [1.0, 'Soulfire Flies']]"
Commissioned Silvernotch Arrows|1.0|False|1400|1400|Sharandar Masterwork - Blacksmithing|Blacksmithing|"[[1.0, 'Corpse Flower Thorn'], [4.0, 'Feywood Lumber'], [2.0, ""Shard of Dawn's Light""], [1.0, 'Silvertongue Moss']]"
Silvervine Cross-pein Hammer|1.0|False|1400|1400|Sharandar Masterwork - Blacksmithing|Blacksmithing|"[[2.0, 'Silvertongue Moss'], [1.0, 'Feywood Lumber'], [2.0, ""Lacquered 'Aged' Leather""], [1.0, 'Soulfire Flies']]"
Silvervine File|1.0|False|1400|1400|Sharandar Masterwork - Blacksmithing|Blacksmithing|"[[3.0, 'Silvertongue Moss'], [1.0, ""Lacquered 'Aged' Leather""], [1.0, 'Soulfire Flies']]"
Silvervine Hatchet|1.0|False|1400|1400|Sharandar Masterwork - Blacksmithing|Blacksmithing|"[[2.0, 'Silvertongue Moss'], [1.0, 'Feywood Lumber'], [3.0, ""Troll's Earwax Resin""], [2.0, 'Soulfire Flies']]"
Silvervine Pickaxe|1.0|False|1400|1400|Sharandar Masterwork - Blacksmithing|Blacksmithing|"[[3.0, 'Silvertongue Moss'], [1.0, 'Feywood Lumber'], [1.0, ""Lacquered 'Aged' Leather""]]"
Silvervine Raising Hammer|1.0|False|1400|1400|Sharandar Masterwork - Blacksmithing|Blacksmithing|[[2.0, 'Silvertongue Moss'], [1.0, 'Feywood Lumber'], [2.0, 'Woven Fey Leaves'], [1.0, 'Soulfire Flies']]
Silvervine Round Knife|1.0|False|1400|1400|Sharandar Masterwork - Blacksmithing|Blacksmithing|"[[2.0, 'Silvertongue Moss'], [2.0, ""Lacquered 'Aged' Leather""], [1.0, 'Soulfire Flies'], [3.0, ""Troll's Earwax Resin""]]"
Silvervine Scythe|1.0|False|1400|1400|Sharandar Masterwork - Blacksmithing|Blacksmithing|"[[2.0, 'Silvertongue Moss'], [1.0, 'Feywood Lumber'], [2.0, ""Ears 'N Tears""], [3.0, 'Shattered Snowflakes']]"
Feywood Broad Slab|1.0|False|1400|1400|Sharandar Masterwork - Blacksmithing|Blacksmithing|"[[3.0, ""Frozen Dawn's Dew""], [4.0, 'Hardened Feywood'], [2.0, ""Lacquered 'Aged' Leather""], [3.0, ""Displacer Beast's Whisker""], [4.0, ""Dawn's Silver Enamel""]]"
Feywood Carved Blade|1.0|False|1400|1400|Sharandar Masterwork - Blacksmithing|Blacksmithing|"[[3.0, ""Frozen Dawn's Dew""], [4.0, 'Hardened Feywood'], [2.0, ""Lacquered 'Aged' Leather""], [3.0, ""Displacer Beast's Whisker""], [1.0, 'Shattered Snowflakes']]"
Feywood Club|1.0|False|1400|1400|Sharandar Masterwork - Blacksmithing|Blacksmithing|"[[3.0, ""Frozen Dawn's Dew""], [4.0, 'Hardened Feywood'], [2.0, ""Lacquered 'Aged' Leather""], [3.0, ""Ears 'N Tears""], [1.0, 'Woven Fey Leaves']]"
Feywood Rapier|1.0|False|1400|1400|Sharandar Masterwork - Blacksmithing|Blacksmithing|"[[3.0, ""Frozen Dawn's Dew""], [4.0, 'Silver Vines'], [2.0, ""Lacquered 'Aged' Leather""], [1.0, 'Hardened Feywood'], [1.0, 'Crystalline Ornament']]"
Feywood Stiletto|1.0|False|1400|1400|Sharandar Masterwork - Blacksmithing|Blacksmithing|"[[3.0, ""Frozen Dawn's Dew""], [4.0, 'Silver Vines'], [2.0, ""Lacquered 'Aged' Leather""], [1.0, 'Hardened Feywood'], [1.0, 'Crystalline Ornament']]"
Feywood Blades|1.0|False|1400|1400|Sharandar Masterwork - Blacksmithing|Blacksmithing|"[[3.0, ""Frozen Dawn's Dew""], [4.0, 'Hardened Feywood'], [2.0, 'Lacquered Leaves'], [1.0, 'Feywood Lumber']]"
Feywood Dagger|1.0|False|1400|1400|Sharandar Masterwork - Blacksmithing|Blacksmithing|"[[3.0, ""Frozen Dawn's Dew""], [4.0, 'Hardened Feywood'], [2.0, 'Crystalline Ornament'], [1.0, ""Displacer Beast's Whisker""]]"
Fang Needle|1.0|False|1400|1400|Chultan Masterwork - Jewelcrafting I|Jewelcrafting|[[1.0, 'Allosaur Fang'], [1.0, 'Living Varnish'], [3.0, 'Slate Whetstone']]
Mastered Beaded Restoration Ring|1.0|False|1400|1400|Chultan Masterwork - Jewelcrafting II|Jewelcrafting|[[1.0, 'Living Bronzewood'], [2.0, 'Brilliant Bead'], [2.0, 'Chultan Tea Leaves'], [1.0, 'Lakh Varnish']]
Mastered Beaded Assault Ring|1.0|False|1400|1400|Chultan Masterwork - Jewelcrafting II|Jewelcrafting|[[1.0, 'Living Bronzewood'], [4.0, 'Brilliant Bead'], [1.0, 'Lakh Varnish']]
Mastered Bronzewood Raid Ring|1.0|False|1400|1400|Chultan Masterwork - Jewelcrafting II|Jewelcrafting|[[1.0, 'Living Bronzewood'], [4.0, 'Bronzewood Lumber'], [1.0, 'Lakh Varnish']]
Mastered Lichstone Ward Ring|1.0|False|1400|1400|Chultan Masterwork - Jewelcrafting II|Jewelcrafting|[[1.0, 'Lichstone Enamel'], [4.0, 'Bronzewood Lumber'], [1.0, 'Lakh Varnish']]
Mastered Beaded Amulet|1.0|False|1400|1400|Chultan Masterwork - Jewelcrafting II|Jewelcrafting|[[1.0, 'Living Bronzewood'], [2.0, 'Feathered Ornament'], [4.0, 'Brilliant Bead'], [1.0, 'Lakh Varnish']]
Mastered Bronzewood Amulet|1.0|False|1400|1400|Chultan Masterwork - Jewelcrafting II|Jewelcrafting|[[1.0, 'Living Bronzewood'], [2.0, 'Bronzewood Lumber'], [4.0, 'Brilliant Bead'], [1.0, 'Lakh Varnish']]
Mastered Fanged Beaded Amulet|1.0|False|1400|1400|Chultan Masterwork - Jewelcrafting II|Jewelcrafting|[[1.0, 'Living Bronzewood'], [2.0, 'Fanged Ornament'], [4.0, 'Brilliant Bead'], [1.0, 'Lakh Varnish']]
Mastered Lichstone Amulet|1.0|False|1400|1400|Chultan Masterwork - Jewelcrafting II|Jewelcrafting|[[1.0, 'Lichstone Enamel'], [2.0, 'Obsidian Shard'], [4.0, 'Brilliant Bead'], [1.0, 'Lakh Varnish']]
Commissioned Light Lanterns|1.0|False|1400|1400|Sharandar Masterwork - Jewelcrafting|Jewelcrafting|"[[4.0, ""Displacer Beast's Whisker""], [1.0, ""Shard of Dawn's Light""], [2.0, 'Silver Vines'], [2.0, 'Salt-Marsh Crystal']]"
Commissioned Lightcatcher|1.0|False|1400|1400|Sharandar Masterwork - Jewelcrafting|Jewelcrafting|"[[7.0, ""Shard of Dawn's Light""], [4.0, 'Salt-Marsh Crystal'], [4.0, ""Troll's Earwax Resin""]]"
Commissioned Shackles|1.0|False|1400|1400|Sharandar Masterwork - Jewelcrafting|Jewelcrafting|"[[3.0, 'Silver Vines'], [2.0, ""Shadowdemon's Eyes""], [2.0, 'Woven Whiskers'], [1.0, ""Dawn's Silver Enamel""]]"
Commissioned Writing Needle|1.0|False|1400|1400|Sharandar Masterwork - Jewelcrafting|Jewelcrafting|"[[4.0, ""Displacer Beast's Whisker""], [1.0, ""Shard of Dawn's Light""], [2.0, 'Silver Vines']]"
Glowing Assault Ring|1.0|False|1400|1400|Sharandar Masterwork - Jewelcrafting|Jewelcrafting|"[[1.0, 'Living Feywood'], [4.0, 'Beads of Light'], [1.0, ""Ears 'N Tears""]]"
Glowing Restoration Ring|1.0|False|1400|1400|Sharandar Masterwork - Jewelcrafting|Jewelcrafting|"[[1.0, 'Living Feywood'], [2.0, 'Beads of Light'], [2.0, ""Shadowdemon's Eyes""], [1.0, ""Ears 'N Tears""]]"
Feywood Raid Ring|1.0|False|1400|1400|Sharandar Masterwork - Jewelcrafting|Jewelcrafting|"[[1.0, 'Living Feywood'], [4.0, 'Feywood Lumber'], [1.0, ""Ears 'N Tears""]]"
Dawn's Light Ward Ring|1.0|False|1400|1400|Sharandar Masterwork - Jewelcrafting|Jewelcrafting|"[[1.0, ""Dawn's Silver Enamel""], [4.0, 'Feywood Lumber'], [1.0, ""Ears 'N Tears""]]"
Thorned Needle|1.0|False|1400|1400|Sharandar Masterwork - Jewelcrafting|Jewelcrafting|[[1.0, 'Corpse Flower Thorn'], [1.0, 'Salty Tears Varnish'], [3.0, 'Shattered Snowflakes']]
Feywood Amulet|1.0|False|1400|1400|Sharandar Masterwork - Jewelcrafting|Jewelcrafting|"[[1.0, 'Living Feywood'], [2.0, 'Feywood Lumber'], [4.0, 'Beads of Light'], [1.0, ""Ears 'N Tears""]]"
Glowing Amulet|1.0|False|1400|1400|Sharandar Masterwork - Jewelcrafting|Jewelcrafting|"[[1.0, 'Living Feywood'], [2.0, 'Crystalline Ornament'], [4.0, 'Beads of Light'], [1.0, ""Ears 'N Tears""]]"
Thorned Amulet|1.0|False|1400|1400|Sharandar Masterwork - Jewelcrafting|Jewelcrafting|"[[1.0, 'Living Feywood'], [2.0, 'Thorned Ornament'], [4.0, 'Beads of Light'], [1.0, ""Ears 'N Tears""]]"
Silvervine Amulet|1.0|False|1400|1400|Sharandar Masterwork - Jewelcrafting|Jewelcrafting|"[[1.0, ""Dawn's Silver Enamel""], [2.0, 'Silver Vines'], [4.0, 'Beads of Light'], [1.0, ""Ears 'N Tears""]]"
Mastered Dinohide Assault Butisi|1.0|False|1400|1400|Chultan Masterwork - Leatherworking II|Leatherworking|[[2.0, 'Lacquered Dinosaur Leather'], [2.0, 'Fanged Ornament'], [3.0, 'Lion Fur'], [1.0, 'Living Varnish']]
Mastered Dinohide Assault Viatus|1.0|False|1400|1400|Chultan Masterwork - Leatherworking II|Leatherworking|[[2.0, 'Lacquered Dinosaur Leather'], [2.0, 'Jute Macrame'], [3.0, 'Lion Fur'], [1.0, 'Living Varnish']]
Mastered Dinohide Raid Butisi|1.0|False|1400|1400|Chultan Masterwork - Leatherworking II|Leatherworking|[[2.0, 'Lacquered Dinosaur Leather'], [2.0, 'Fanged Ornament'], [3.0, 'Lion Fur'], [1.0, 'Living Varnish']]
Mastered Dinohide Raid Viatus|1.0|False|1400|1400|Chultan Masterwork - Leatherworking II|Leatherworking|[[2.0, 'Lacquered Dinosaur Leather'], [2.0, 'Jute Macrame'], [3.0, 'Lion Fur'], [1.0, 'Living Varnish']]
Mastered Leather Assault Chamas|1.0|False|1400|1400|Chultan Masterwork - Leatherworking II|Leatherworking|[[2.0, 'Lacquered Dinosaur Leather'], [2.0, 'Fanged Ornament'], [3.0, 'Lion Fur'], [1.0, 'Living Varnish']]
Mastered Leather Raid Chamas|1.0|False|1400|1400|Chultan Masterwork - Leatherworking II|Leatherworking|[[2.0, 'Lacquered Dinosaur Leather'], [2.0, 'Fanged Ornament'], [3.0, 'Lion Fur'], [1.0, 'Living Varnish']]
Mastered Dinohide Assault Amibari|1.0|False|1400|1400|Chultan Masterwork - Leatherworking II|Leatherworking|[[2.0, 'Lacquered Dinosaur Leather'], [2.0, 'Fanged Ornament'], [3.0, 'Chultan Silk Thread'], [1.0, 'Living Varnish']]
Mastered Dinohide Assault Shabas|1.0|False|1400|1400|Chultan Masterwork - Leatherworking II|Leatherworking|[[2.0, 'Lacquered Dinosaur Leather'], [2.0, 'Jute Macrame'], [3.0, 'Lion Fur'], [1.0, 'Living Varnish']]
Mastered Dinohide Raid Amibari|1.0|False|1400|1400|Chultan Masterwork - Leatherworking II|Leatherworking|[[2.0, 'Lacquered Dinosaur Leather'], [2.0, 'Fanged Ornament'], [3.0, 'Chultan Silk Thread'], [1.0, 'Living Varnish']]
Mastered Dinohide Raid Shabas|1.0|False|1400|1400|Chultan Masterwork - Leatherworking II|Leatherworking|[[2.0, 'Lacquered Dinosaur Leather'], [2.0, 'Jute Macrame'], [3.0, 'Lion Fur'], [1.0, 'Living Varnish']]
Mastered Leather Assault Gwanitis|1.0|False|1400|1400|Chultan Masterwork - Leatherworking II|Leatherworking|[[2.0, 'Lacquered Dinosaur Leather'], [2.0, 'Fanged Ornament'], [3.0, 'Chultan Silk Thread'], [1.0, 'Living Varnish']]
Mastered Leather Raid Gwanitis|1.0|False|1400|1400|Chultan Masterwork - Leatherworking II|Leatherworking|[[2.0, 'Lacquered Dinosaur Leather'], [2.0, 'Fanged Ornament'], [3.0, 'Chultan Silk Thread'], [1.0, 'Living Varnish']]
Mastered Dinohide Assault Kiuno|1.0|False|1400|1400|Chultan Masterwork - Leatherworking II|Leatherworking|[[4.0, 'Lacquered Dinosaur Leather'], [2.0, 'Jute Macrame'], [2.0, 'Fanged Ornament'], [1.0, 'Chultan Silk'], [1.0, 'Living Varnish']]
Mastered Dinohide Assault Mederebiya|1.0|False|1400|1400|Chultan Masterwork - Leatherworking II|Leatherworking|[[4.0, 'Lacquered Dinosaur Leather'], [2.0, 'Jute Macrame'], [2.0, 'Feathered Ornament'], [1.0, 'Chultan Silk'], [1.0, 'Living Varnish']]
Mastered Dinohide Raid Kiuno|1.0|False|1400|1400|Chultan Masterwork - Leatherworking II|Leatherworking|[[4.0, 'Lacquered Dinosaur Leather'], [2.0, 'Jute Macrame'], [2.0, 'Fanged Ornament'], [1.0, 'Chultan Silk'], [1.0, 'Living Varnish']]
Mastered Dinohide Raid Mederebiya|1.0|False|1400|1400|Chultan Masterwork - Leatherworking II|Leatherworking|[[4.0, 'Lacquered Dinosaur Leather'], [2.0, 'Jute Macrame'], [2.0, 'Feathered Ornament'], [1.0, 'Chultan Silk'], [1.0, 'Living Varnish']]
Mastered Leather Assault Kafe|1.0|False|1400|1400|Chultan Masterwork - Leatherworking II|Leatherworking|[[4.0, 'Lacquered Dinosaur Leather'], [2.0, 'Jute Macrame'], [2.0, 'Feathered Ornament'], [1.0, 'Chultan Silk'], [1.0, 'Living Varnish']]
Mastered Leather Raid Kafe|1.0|False|1400|1400|Chultan Masterwork - Leatherworking II|Leatherworking|[[4.0, 'Lacquered Dinosaur Leather'], [2.0, 'Jute Macrame'], [2.0, 'Feathered Ornament'], [1.0, 'Chultan Silk'], [1.0, 'Living Varnish']]
Mastered Dinohide Assault Barakoa|1.0|False|1400|1400|Chultan Masterwork - Leatherworking II|Leatherworking|[[2.0, 'Lacquered Dinosaur Leather'], [2.0, 'Jute Macrame'], [3.0, 'Chultan Silk Thread'], [1.0, 'Living Varnish']]
Mastered Dinohide Assault Chinibili|1.0|False|1400|1400|Chultan Masterwork - Leatherworking II|Leatherworking|[[2.0, 'Lacquered Dinosaur Leather'], [2.0, 'Fanged Ornament'], [3.0, 'Chultan Silk Thread'], [1.0, 'Living Varnish']]
Mastered Dinohide Raid Barakoa|1.0|False|1400|1400|Chultan Masterwork - Leatherworking II|Leatherworking|[[2.0, 'Lacquered Dinosaur Leather'], [2.0, 'Jute Macrame'], [3.0, 'Chultan Silk Thread'], [1.0, 'Living Varnish']]
Mastered Dinohide Raid Chinibili|1.0|False|1400|1400|Chultan Masterwork - Leatherworking II|Leatherworking|[[2.0, 'Lacquered Dinosaur Leather'], [2.0, 'Fanged Ornament'], [3.0, 'Chultan Silk Thread'], [1.0, 'Living Varnish']]
Mastered Leather Assault Mekeleya|1.0|False|1400|1400|Chultan Masterwork - Leatherworking II|Leatherworking|[[2.0, 'Lacquered Dinosaur Leather'], [2.0, 'Jute Macrame'], [3.0, 'Chultan Silk Thread'], [1.0, 'Living Varnish']]
Mastered Leather Raid Mekeleya|1.0|False|1400|1400|Chultan Masterwork - Leatherworking II|Leatherworking|[[2.0, 'Lacquered Dinosaur Leather'], [2.0, 'Jute Macrame'], [3.0, 'Chultan Silk Thread'], [1.0, 'Living Varnish']]
Commissioned Mounted Spider|1.0|False|1400|1400|Sharandar Masterwork - Leatherworking|Leatherworking|"[[12.0, ""Lacquered 'Aged' Leather""], [6.0, 'Soulfire Flies'], [2.0, 'Feywood Lumber'], [4.0, 'Corpse Flower Thorn']]"
Commissioned Silvervein Bridle|1.0|False|1400|1400|Sharandar Masterwork - Leatherworking|Leatherworking|"[[6.0, ""Lacquered 'Aged' Leather""], [3.0, 'Soulfire Flies'], [2.0, 'Dryad Hair'], [2.0, 'Fey Fibers']]"
Commissioned Trap Cover|1.0|False|1400|1400|Sharandar Masterwork - Leatherworking|Leatherworking|"[[4.0, ""Lacquered 'Aged' Leather""], [2.0, 'Dryad Hair'], [2.0, 'Soulfire Flies'], [2.0, ""Frozen Dawn's Dew""], [1.0, 'Fey Fibers']]"
Commissioned Wet Boots|1.0|False|1400|1400|Sharandar Masterwork - Leatherworking|Leatherworking|"[[4.0, ""Lacquered 'Aged' Leather""], [2.0, 'Shade Leaves'], [2.0, 'Soulfire Flies'], [2.0, 'Shattered Snowflakes']]"
Fey Decorated Boots|1.0|False|1400|1400|Sharandar Masterwork - Leatherworking|Leatherworking|"[[2.0, ""Lacquered 'Aged' Leather""], [2.0, 'Thorned Ornament'], [3.0, 'Lacquered Leaves'], [1.0, 'Salty Tears Varnish']]"
Fey'd Leaf Boots|1.0|False|1400|1400|Sharandar Masterwork - Tailoring|Tailoring|"[[2.0, 'Woven Whiskers'], [2.0, ""Lacquered 'Aged' Leather""], [3.0, 'Woven Fey Leaves'], [1.0, 'Salty Tears Varnish']]"
Fey'd Leaf Hood|1.0|False|1400|1400|Sharandar Masterwork - Leatherworking|Leatherworking|"[[2.0, ""Lacquered 'Aged' Leather""], [2.0, 'Woven Whiskers'], [3.0, 'Fey Fibers'], [1.0, 'Salty Tears Varnish']]"
Petrified Barbute|1.0|False|1400|1400|Sharandar Masterwork - Leatherworking|Leatherworking|"[[2.0, ""Lacquered 'Aged' Leather""], [2.0, 'Thorned Ornament'], [3.0, 'Fey Fibers'], [1.0, 'Salty Tears Varnish']]"
Petrified Barkplate|1.0|False|1400|1400|Sharandar Masterwork - Leatherworking|Leatherworking|"[[4.0, ""Lacquered 'Aged' Leather""], [2.0, 'Woven Whiskers'], [2.0, 'Crystalline Ornament'], [1.0, 'Woven Fey Leaves'], [1.0, 'Salty Tears Varnish']]"
Petrified Boots|1.0|False|1400|1400|Sharandar Masterwork - Leatherworking|Leatherworking|"[[2.0, ""Lacquered 'Aged' Leather""], [2.0, 'Thorned Ornament'], [3.0, 'Lacquered Leaves'], [1.0, 'Salty Tears Varnish']]"
Petrified Braces|1.0|False|1400|1400|Sharandar Masterwork - Leatherworking|Leatherworking|"[[2.0, ""Lacquered 'Aged' Leather""], [2.0, 'Thorned Ornament'], [3.0, 'Fey Fibers'], [1.0, 'Salty Tears Varnish']]"
Petrified Crown|1.0|False|1400|1400|Sharandar Masterwork - Leatherworking|Leatherworking|"[[2.0, ""Lacquered 'Aged' Leather""], [2.0, 'Thorned Ornament'], [3.0, 'Fey Fibers'], [1.0, 'Salty Tears Varnish']]"
Petrified Leathers|1.0|False|1400|1400|Sharandar Masterwork - Leatherworking|Leatherworking|"[[4.0, ""Lacquered 'Aged' Leather""], [2.0, 'Woven Whiskers'], [2.0, 'Crystalline Ornament'], [1.0, 'Woven Fey Leaves'], [1.0, 'Salty Tears Varnish']]"
Petrified Mantle|1.0|False|1400|1400|Sharandar Masterwork - Leatherworking|Leatherworking|"[[4.0, ""Lacquered 'Aged' Leather""], [2.0, 'Woven Whiskers'], [2.0, 'Crystalline Ornament'], [1.0, 'Woven Fey Leaves'], [1.0, 'Salty Tears Varnish']]"
Petrified Sleeves|1.0|False|1400|1400|Sharandar Masterwork - Leatherworking|Leatherworking|"[[2.0, ""Lacquered 'Aged' Leather""], [2.0, 'Thorned Ornament'], [3.0, 'Fey Fibers'], [1.0, 'Salty Tears Varnish']]"
Petrified Surcoat|1.0|False|1400|1400|Sharandar Masterwork - Leatherworking|Leatherworking|"[[4.0, ""Lacquered 'Aged' Leather""], [2.0, 'Woven Whiskers'], [2.0, 'Thorned Ornament'], [1.0, 'Woven Fey Leaves'], [1.0, 'Salty Tears Varnish']]"
Lacquered Leaf Waders|1.0|False|1400|1400|Sharandar Masterwork - Leatherworking|Leatherworking|"[[2.0, ""Lacquered 'Aged' Leather""], [2.0, 'Woven Whiskers'], [3.0, 'Lacquered Leaves'], [1.0, 'Salty Tears Varnish']]"
Petrified Waders|1.0|False|1400|1400|Sharandar Masterwork - Leatherworking|Leatherworking|"[[2.0, ""Lacquered 'Aged' Leather""], [2.0, 'Woven Whiskers'], [3.0, 'Lacquered Leaves'], [1.0, 'Salty Tears Varnish']]"
Petrified Wraps|1.0|False|1400|1400|Sharandar Masterwork - Leatherworking|Leatherworking|"[[2.0, ""Lacquered 'Aged' Leather""], [2.0, 'Woven Whiskers'], [3.0, 'Lacquered Leaves'], [1.0, 'Salty Tears Varnish']]"
Petrified Wristlets|1.0|False|1400|1400|Sharandar Masterwork - Leatherworking|Leatherworking|"[[2.0, ""Lacquered 'Aged' Leather""], [2.0, 'Thorned Ornament'], [3.0, 'Fey Fibers'], [1.0, 'Salty Tears Varnish']]"
Twig Crown|1.0|False|1400|1400|Sharandar Masterwork - Leatherworking|Leatherworking|"[[2.0, ""Lacquered 'Aged' Leather""], [2.0, 'Woven Whiskers'], [3.0, 'Fey Fibers'], [1.0, 'Salty Tears Varnish']]"
Fey Decorated Wetboots|1.0|False|1400|1400|Sharandar Masterwork - Leatherworking|Leatherworking|"[[2.0, ""Lacquered 'Aged' Leather""], [2.0, 'Thorned Ornament'], [3.0, 'Lacquered Leaves'], [1.0, 'Salty Tears Varnish']]"
Fey'd Leaf Cap|1.0|False|1400|1400|Sharandar Masterwork - Leatherworking|Leatherworking|"[[2.0, ""Lacquered 'Aged' Leather""], [2.0, 'Woven Whiskers'], [3.0, 'Fey Fibers'], [1.0, 'Salty Tears Varnish']]"
Fey'd Leaf Wetboots|1.0|False|1400|1400|Sharandar Masterwork - Leatherworking|Leatherworking|"[[2.0, ""Lacquered 'Aged' Leather""], [2.0, 'Thorned Ornament'], [3.0, 'Lacquered Leaves'], [1.0, 'Salty Tears Varnish']]"
Petrified Armlets|1.0|False|1400|1400|Sharandar Masterwork - Leatherworking|Leatherworking|"[[2.0, ""Lacquered 'Aged' Leather""], [2.0, 'Thorned Ornament'], [3.0, 'Fey Fibers'], [1.0, 'Salty Tears Varnish']]"
Petrified Bark Barbute|1.0|False|1400|1400|Sharandar Masterwork - Leatherworking|Leatherworking|"[[2.0, ""Lacquered 'Aged' Leather""], [2.0, 'Thorned Ornament'], [3.0, 'Fey Fibers'], [1.0, 'Salty Tears Varnish']]"
Petrified Bark Crown|1.0|False|1400|1400|Sharandar Masterwork - Leatherworking|Leatherworking|"[[2.0, ""Lacquered 'Aged' Leather""], [2.0, 'Thorned Ornament'], [3.0, 'Fey Fibers'], [1.0, 'Salty Tears Varnish']]"
Petrified Barkhide Mantle|1.0|False|1400|1400|Sharandar Masterwork - Leatherworking|Leatherworking|"[[4.0, ""Lacquered 'Aged' Leather""], [2.0, 'Woven Whiskers'], [2.0, 'Crystalline Ornament'], [1.0, 'Woven Fey Leaves'], [1.0, 'Salty Tears Varnish']]"
Petrified Covers|1.0|False|1400|1400|Sharandar Masterwork - Leatherworking|Leatherworking|"[[2.0, ""Lacquered 'Aged' Leather""], [2.0, 'Thorned Ornament'], [3.0, 'Fey Fibers'], [1.0, 'Salty Tears Varnish']]"
Petrified Growth|1.0|False|1400|1400|Sharandar Masterwork - Leatherworking|Leatherworking|"[[4.0, ""Lacquered 'Aged' Leather""], [2.0, 'Woven Whiskers'], [2.0, 'Thorned Ornament'], [1.0, 'Woven Fey Leaves'], [1.0, 'Salty Tears Varnish']]"
Petrified Guards|1.0|False|1400|1400|Sharandar Masterwork - Leatherworking|Leatherworking|"[[2.0, ""Lacquered 'Aged' Leather""], [2.0, 'Woven Whiskers'], [3.0, 'Lacquered Leaves'], [1.0, 'Salty Tears Varnish']]"
Petrified Leavehide|1.0|False|1400|1400|Sharandar Masterwork - Leatherworking|Leatherworking|"[[4.0, ""Lacquered 'Aged' Leather""], [2.0, 'Woven Whiskers'], [2.0, 'Crystalline Ornament'], [1.0, 'Woven Fey Leaves'], [1.0, 'Salty Tears Varnish']]"
Petrified Overgrowth|1.0|False|1400|1400|Sharandar Masterwork - Leatherworking|Leatherworking|"[[4.0, ""Lacquered 'Aged' Leather""], [2.0, 'Woven Whiskers'], [2.0, 'Crystalline Ornament'], [1.0, 'Woven Fey Leaves'], [1.0, 'Salty Tears Varnish']]"
Petrified Shoes|1.0|False|1400|1400|Sharandar Masterwork - Leatherworking|Leatherworking|"[[2.0, ""Lacquered 'Aged' Leather""], [2.0, 'Woven Whiskers'], [3.0, 'Lacquered Leaves'], [1.0, 'Salty Tears Varnish']]"
Petrified Wetboots|1.0|False|1400|1400|Sharandar Masterwork - Leatherworking|Leatherworking|"[[2.0, ""Lacquered 'Aged' Leather""], [2.0, 'Thorned Ornament'], [3.0, 'Lacquered Leaves'], [1.0, 'Salty Tears Varnish']]"
Petrified Wristguards|1.0|False|1400|1400|Sharandar Masterwork - Leatherworking|Leatherworking|"[[2.0, ""Lacquered 'Aged' Leather""], [2.0, 'Thorned Ornament'], [3.0, 'Fey Fibers'], [1.0, 'Salty Tears Varnish']]"
Sprouting Crown|1.0|False|1400|1400|Sharandar Masterwork - Leatherworking|Leatherworking|"[[2.0, ""Lacquered 'Aged' Leather""], [2.0, 'Woven Whiskers'], [3.0, 'Fey Fibers'], [1.0, 'Salty Tears Varnish']]"
Twine Net|1.0|False|1400|1400|Chultan Masterwork - Tailoring II|Tailoring|[[3.0, 'Samarachan Jute'], [2.0, 'Bronzewood Lumber'], [1.0, 'Lacquered Dinosaur Leather']]
Mastered Jute Assault Kohambos|1.0|False|1400|1400|Chultan Masterwork - Tailoring II|Tailoring|[[2.0, 'Jute Macrame'], [2.0, 'Lacquered Dinosaur Leather'], [3.0, 'Chultan Silk'], [1.0, 'Living Varnish']]
Mastered Jute Raid Kohambos|1.0|False|1400|1400|Chultan Masterwork - Tailoring II|Tailoring|[[2.0, 'Jute Macrame'], [2.0, 'Lacquered Dinosaur Leather'], [3.0, 'Chultan Silk'], [1.0, 'Living Varnish']]
Mastered Feathered Assault Isongos|1.0|False|1400|1400|Chultan Masterwork - Tailoring II|Tailoring|[[2.0, 'Feathered Ornament'], [2.0, 'Lacquered Dinosaur Leather'], [3.0, 'Chultan Silk Thread'], [1.0, 'Living Varnish']]
Mastered Feathered Raid Isongos|1.0|False|1400|1400|Chultan Masterwork - Tailoring II|Tailoring|[[2.0, 'Feathered Ornament'], [2.0, 'Lacquered Dinosaur Leather'], [3.0, 'Chultan Silk Thread'], [1.0, 'Living Varnish']]
Mastered Silk Assault Ngubo|1.0|False|1400|1400|Chultan Masterwork - Tailoring II|Tailoring|[[4.0, 'Chultan Silk'], [2.0, 'Hardened Bronzewood'], [2.0, 'Feathered Ornament'], [1.0, 'Lion Fur'], [1.0, 'Living Varnish']]
Mastered Silk Raid Ngubo|1.0|False|1400|1400|Chultan Masterwork - Tailoring II|Tailoring|[[4.0, 'Chultan Silk'], [2.0, 'Hardened Bronzewood'], [2.0, 'Feathered Ornament'], [1.0, 'Lion Fur'], [1.0, 'Living Varnish']]
Mastered Bronzewood Assault Imaski|1.0|False|1400|1400|Chultan Masterwork - Tailoring II|Tailoring|[[2.0, 'Jute Macrame'], [2.0, 'Fanged Ornament'], [3.0, 'Chultan Silk'], [1.0, 'Living Varnish']]
Mastered Bronzewood Raid Imaski|1.0|False|1400|1400|Chultan Masterwork - Tailoring II|Tailoring|[[2.0, 'Jute Macrame'], [2.0, 'Fanged Ornament'], [3.0, 'Chultan Silk'], [1.0, 'Living Varnish']]
Mastered Beaded Sash|1.0|False|1400|1400|Chultan Masterwork - Tailoring II|Tailoring|[[1.0, 'Soulfired Obsidian'], [2.0, 'Brilliant Bead'], [4.0, 'Chultan Silk'], [1.0, 'Jute Macrame']]
Mastered Bronzewood Sash|1.0|False|1400|1400|Chultan Masterwork - Tailoring II|Tailoring|[[1.0, 'Living Bronzewood'], [2.0, 'Brilliant Bead'], [4.0, 'Chultan Silk'], [1.0, 'Jute Macrame']]
Mastered Fanged Sash|1.0|False|1400|1400|Chultan Masterwork - Tailoring II|Tailoring|[[1.0, 'Soulfired Obsidian'], [2.0, 'Fanged Ornament'], [4.0, 'Chultan Silk'], [1.0, 'Jute Macrame']]
Mastered Lichstone Sash|1.0|False|1400|1400|Chultan Masterwork - Tailoring II|Tailoring|[[1.0, 'Lichstone Enamel'], [2.0, 'Obsidian Shard'], [4.0, 'Chultan Silk'], [1.0, 'Jute Macrame']]
Mastered Silk Mecatica|1.0|False|1400|1400|Chultan Masterwork - Tailoring II|Tailoring|[[3.0, 'Soulfired Obsidian'], [4.0, 'Brilliant Bead'], [2.0, 'Feathered Ornament'], [1.0, 'Chultan Silk Thread']]
Commissioned Fey'd Fabric Rolls|1.0|False|1400|1400|Sharandar Masterwork - Tailoring|Tailoring|[[25.0, 'Lacquered Leaves'], [5.0, 'Fey Fibers'], [4.0, 'Soulfire Flies']]
Commissioned Padded Jacket|1.0|False|1400|1400|Sharandar Masterwork - Tailoring|Tailoring|[[8.0, 'Fey Fibers'], [4.0, 'Woven Fey Leaves'], [4.0, 'Silver Vines'], [2.0, 'Soulfire Flies']]
Commissioned Sleeping Roll|1.0|False|1400|1400|Sharandar Masterwork - Tailoring|Tailoring|[[6.0, 'Dryad Hair'], [4.0, 'Hardened Blight Bark'], [4.0, 'Fey Fibers'], [2.0, 'Beads of Light']]
Commissioned Tent Panels|1.0|False|1400|1400|Sharandar Masterwork - Tailoring|Tailoring|"[[12.0, 'Lacquered Leaves'], [4.0, 'Woven Whiskers'], [4.0, ""Frozen Dawn's Dew""], [2.0, 'Thorned Ornament']]"
Silvervine Net|1.0|False|1400|1400|Sharandar Masterwork - Tailoring|Tailoring|"[[3.0, 'Hardened Blight Bark'], [2.0, 'Feywood Lumber'], [1.0, ""Lacquered 'Aged' Leather""], [1.0, 'Soulfire Flies']]"
Fey'd Leaf Sword Knot|1.0|False|1400|1400|Sharandar Masterwork - Tailoring|Tailoring|"[[3.0, ""Frozen Dawn's Dew""], [4.0, 'Beads of Light'], [2.0, 'Crystalline Ornament'], [1.0, 'Fey Fibers']]"
Fey'd Leaf Branch Crown|1.0|False|1400|1400|Sharandar Masterwork - Tailoring|Tailoring|[[2.0, 'Woven Whiskers'], [2.0, 'Thorned Ornament'], [3.0, 'Woven Fey Leaves'], [1.0, 'Salty Tears Varnish']]
Fey'd Leaf Branches|1.0|False|1400|1400|Sharandar Masterwork - Tailoring|Tailoring|"[[2.0, 'Crystalline Ornament'], [2.0, ""Lacquered 'Aged' Leather""], [3.0, 'Fey Fibers'], [1.0, 'Salty Tears Varnish']]"
Fey'd Leaf Garb|1.0|False|1400|1400|Sharandar Masterwork - Tailoring|Tailoring|[[4.0, 'Woven Fey Leaves'], [2.0, 'Hardened Feywood'], [2.0, 'Crystalline Ornament'], [1.0, 'Lacquered Leaves'], [1.0, 'Salty Tears Varnish']]
Fey'd Leaf Shoes|1.0|False|1400|1400|Sharandar Masterwork - Tailoring|Tailoring|"[[2.0, 'Woven Whiskers'], [2.0, ""Lacquered 'Aged' Leather""], [3.0, 'Woven Fey Leaves'], [1.0, 'Salty Tears Varnish']]"
Thorned Sash|1.0|False|1400|1400|Sharandar Masterwork - Tailoring|Tailoring|"[[1.0, ""Frozen Dawn's Dew""], [2.0, 'Thorned Ornament'], [4.0, 'Woven Fey Leaves'], [1.0, 'Woven Whiskers']]"
Fey'd Leaf Padding|1.0|False|1400|1400|Sharandar Masterwork - Tailoring|Tailoring|[[4.0, 'Woven Fey Leaves'], [2.0, 'Hardened Feywood'], [2.0, 'Crystalline Ornament'], [1.0, 'Lacquered Leaves'], [1.0, 'Salty Tears Varnish']]
Fey'd Leaf Wood Crown|1.0|False|1400|1400|Sharandar Masterwork - Tailoring|Tailoring|[[2.0, 'Woven Whiskers'], [2.0, 'Thorned Ornament'], [3.0, 'Woven Fey Leaves'], [1.0, 'Salty Tears Varnish']]
Fey'd Leaf Wood Wraps|1.0|False|1400|1400|Sharandar Masterwork - Tailoring|Tailoring|"[[2.0, 'Crystalline Ornament'], [2.0, ""Lacquered 'Aged' Leather""], [3.0, 'Fey Fibers'], [1.0, 'Salty Tears Varnish']]"
Dawn's Light Sash|1.0|False|1400|1400|Sharandar Masterwork - Tailoring|Tailoring|"[[1.0, ""Dawn's Silver Enamel""], [2.0, 'Silver Vines'], [4.0, 'Woven Fey Leaves'], [1.0, 'Woven Whiskers']]"
Feywood Sash|1.0|False|1400|1400|Sharandar Masterwork - Tailoring|Tailoring|[[1.0, 'Living Feywood'], [2.0, 'Beads of Light'], [4.0, 'Woven Fey Leaves'], [1.0, 'Woven Whiskers']]
